Modestia,Skell,Modestia.Skell@icanschool.com,UX,2018,Paris
Kimberley,Means,Kimberley.Means@icanschool.com,GameDesign,2018,Paris
Glynnis,Bendick,Glynnis.Bendick@icanschool.com,GameDesign,2021,Paris
Stephanie,Sheng,Stephanie.Sheng@icanschool.com,UX,2018,Paris
Kelly,Boycey,Kelly.Boycey@icanschool.com,GameProgramming,2019,Paris
Kimberley,Demitria,Kimberley.Demitria@icanschool.com,UX,2018,Paris
Winny,Ethban,Winny.Ethban@icanschool.com,GameDesign,2018,Paris
Ezmeralda,Drisko,Ezmeralda.Drisko@icanschool.com,UX,2021,Paris
Renie,Ranjiv,Renie.Ranjiv@icanschool.com,Communication,2023,Paris
Jenda,Melleta,Jenda.Melleta@icanschool.com,Communication,2018,Paris
Gilligan,Engdahl,Gilligan.Engdahl@icanschool.com,BD,2020,Paris
Etta,Holtz,Etta.Holtz@icanschool.com,GameDesign,2022,Paris
Viki,Malina,Viki.Malina@icanschool.com,BD,2021,Paris
Bee,Ciro,Bee.Ciro@icanschool.com,Communication,2023,Paris
Bee,Rosalba,Bee.Rosalba@icanschool.com,GameArt,2021,Paris
Gilligan,Reinke,Gilligan.Reinke@icanschool.com,UX,2021,Paris
Kimberley,Lay,Kimberley.Lay@icanschool.com,GameProgramming,2022,Paris
Raquela,Corilla,Raquela.Corilla@icanschool.com,GameDesign,2023,Paris
Shirlee,Margarete,Shirlee.Margarete@icanschool.com,Web,2023,Paris
Dania,Monaco,Dania.Monaco@icanschool.com,Web,2020,Paris
Alie,Barrus,Alie.Barrus@icanschool.com,GameDesign,2022,Paris
Caressa,Cosenza,Caressa.Cosenza@icanschool.com,BD,2018,Paris
Merle,Ferrell,Merle.Ferrell@icanschool.com,Web,2019,Paris
Sophia,Grimbly,Sophia.Grimbly@icanschool.com,BD,2019,Paris
Madalyn,Friede,Madalyn.Friede@icanschool.com,GameDesign,2019,Paris
Shaine,Ingra,Shaine.Ingra@icanschool.com,Web,2021,Paris
Brietta,Yate,Brietta.Yate@icanschool.com,GameArt,2021,Paris
Hope,Lea,Hope.Lea@icanschool.com,GameProgramming,2019,Paris
Trudie,Jorgan,Trudie.Jorgan@icanschool.com,GameDesign,2020,Paris
Tami,Vilma,Tami.Vilma@icanschool.com,GameArt,2021,Paris
Lindie,Dosia,Lindie.Dosia@icanschool.com,GameArt,2023,Paris
Siana,Waldron,Siana.Waldron@icanschool.com,Communication,2020,Paris
Concettina,Smitt,Concettina.Smitt@icanschool.com,GameArt,2020,Paris
Shauna,Deny,Shauna.Deny@icanschool.com,BD,2021,Paris
Paola,Celestine,Paola.Celestine@icanschool.com,GameArt,2019,Paris
Jinny,Schlosser,Jinny.Schlosser@icanschool.com,GameDesign,2021,Paris
Dulce,Orlene,Dulce.Orlene@icanschool.com,GameArt,2022,Paris
Daune,Brieta,Daune.Brieta@icanschool.com,GameProgramming,2020,Paris
Lesly,Roscoe,Lesly.Roscoe@icanschool.com,Web,2023,Paris
Carmela,Gert,Carmela.Gert@icanschool.com,GameDesign,2022,Paris
Mariann,Joni,Mariann.Joni@icanschool.com,GameArt,2023,Paris
Maisey,Ethban,Maisey.Ethban@icanschool.com,UX,2018,Paris
Stephanie,Docilla,Stephanie.Docilla@icanschool.com,GameArt,2022,Paris
Neila,McLaughlin,Neila.McLaughlin@icanschool.com,GameDesign,2020,Paris
Keelia,Sholley,Keelia.Sholley@icanschool.com,BD,2022,Paris
Vivia,Poppy,Vivia.Poppy@icanschool.com,GameArt,2018,Paris
Gianina,Mich,Gianina.Mich@icanschool.com,Web,2019,Paris
Morganica,Terrence,Morganica.Terrence@icanschool.com,GameDesign,2020,Paris
Ketti,Gabrielli,Ketti.Gabrielli@icanschool.com,BD,2018,Paris
Corina,Clara,Corina.Clara@icanschool.com,UX,2023,Paris
Robbi,Pulsifer,Robbi.Pulsifer@icanschool.com,Communication,2021,Paris
Hettie,Hilbert,Hettie.Hilbert@icanschool.com,GameArt,2018,Paris
Deloria,Leopold,Deloria.Leopold@icanschool.com,BD,2023,Paris
Dacia,Briney,Dacia.Briney@icanschool.com,GameArt,2021,Paris
Cindelyn,Gamaliel,Cindelyn.Gamaliel@icanschool.com,GameArt,2019,Paris
Aubrie,Cynar,Aubrie.Cynar@icanschool.com,GameProgramming,2019,Paris
Teddie,Radu,Teddie.Radu@icanschool.com,GameProgramming,2020,Paris
Camile,Brian,Camile.Brian@icanschool.com,Communication,2021,Paris
Dorthy,Llovera,Dorthy.Llovera@icanschool.com,GameProgramming,2022,Paris
Emma,Malvino,Emma.Malvino@icanschool.com,UX,2023,Paris
Fanchon,Seumas,Fanchon.Seumas@icanschool.com,GameProgramming,2021,Paris
Keelia,Brieta,Keelia.Brieta@icanschool.com,GameDesign,2023,Paris
Agnese,Ledah,Agnese.Ledah@icanschool.com,GameArt,2018,Paris
Dorice,Koziara,Dorice.Koziara@icanschool.com,Web,2020,Paris
Yetty,Natalia,Yetty.Natalia@icanschool.com,Communication,2023,Paris
Flory,Anastatius,Flory.Anastatius@icanschool.com,GameDesign,2018,Paris
Noelle,Charmine,Noelle.Charmine@icanschool.com,UX,2022,Paris
Rayna,Goldina,Rayna.Goldina@icanschool.com,BD,2023,Paris
Jean,Durante,Jean.Durante@icanschool.com,GameArt,2018,Paris
Therine,Auberbach,Therine.Auberbach@icanschool.com,GameProgramming,2021,Paris
Shirlee,Yorick,Shirlee.Yorick@icanschool.com,Communication,2018,Paris
Tina,Old,Tina.Old@icanschool.com,GameProgramming,2022,Paris
Kirstin,Knowling,Kirstin.Knowling@icanschool.com,Web,2020,Paris
Dotty,Nance,Dotty.Nance@icanschool.com,BD,2021,Paris
Marline,Quinn,Marline.Quinn@icanschool.com,GameDesign,2023,Paris
Tybie,Alarise,Tybie.Alarise@icanschool.com,BD,2019,Paris
Riannon,Ackerley,Riannon.Ackerley@icanschool.com,BD,2021,Paris
Drucie,Himelman,Drucie.Himelman@icanschool.com,GameProgramming,2018,Paris
Chastity,Peonir,Chastity.Peonir@icanschool.com,Communication,2022,Paris
Ezmeralda,Andrel,Ezmeralda.Andrel@icanschool.com,Web,2021,Paris
Oona,Alarise,Oona.Alarise@icanschool.com,Communication,2022,Paris
Elora,Pierette,Elora.Pierette@icanschool.com,BD,2023,Paris
Kassey,Oriana,Kassey.Oriana@icanschool.com,Web,2021,Paris
Rivalee,Ehrman,Rivalee.Ehrman@icanschool.com,Communication,2022,Paris
Maisey,Breed,Maisey.Breed@icanschool.com,GameProgramming,2021,Paris
Ginnie,Tufts,Ginnie.Tufts@icanschool.com,Web,2023,Paris
Andeee,Annice,Andeee.Annice@icanschool.com,Communication,2023,Paris
Frank,Rugen,Frank.Rugen@icanschool.com,GameDesign,2021,Paris
Gilligan,Brandice,Gilligan.Brandice@icanschool.com,UX,2018,Paris
Brynna,Hessler,Brynna.Hessler@icanschool.com,GameArt,2022,Paris
Juliane,Urias,Juliane.Urias@icanschool.com,GameDesign,2020,Paris
Vere,Arvo,Vere.Arvo@icanschool.com,GameArt,2023,Paris
Katleen,Emerson,Katleen.Emerson@icanschool.com,Web,2018,Paris
Celestyna,Ball,Celestyna.Ball@icanschool.com,GameProgramming,2019,Paris
Liana,Ulphia,Liana.Ulphia@icanschool.com,UX,2021,Paris
Kaia,Edvard,Kaia.Edvard@icanschool.com,GameDesign,2019,Paris
Janey,Tybald,Janey.Tybald@icanschool.com,Communication,2022,Paris
Etta,Koehler,Etta.Koehler@icanschool.com,Communication,2020,Paris
Lizzie,Abram,Lizzie.Abram@icanschool.com,Communication,2018,Paris
Mara,Boycey,Mara.Boycey@icanschool.com,GameArt,2018,Paris
Marcelline,Amadas,Marcelline.Amadas@icanschool.com,Communication,2023,Paris
Mureil,Cottle,Mureil.Cottle@icanschool.com,Web,2019,Paris
Monika,Yorick,Monika.Yorick@icanschool.com,BD,2018,Paris
Patricia,Aida,Patricia.Aida@icanschool.com,BD,2019,Paris
Elise,Mozelle,Elise.Mozelle@icanschool.com,GameArt,2019,Paris
Carly,LaRue,Carly.LaRue@icanschool.com,BD,2019,Paris
Shannah,Si,Shannah.Si@icanschool.com,Communication,2023,Paris
Kassey,Esmaria,Kassey.Esmaria@icanschool.com,GameArt,2019,Paris
Karena,Riva,Karena.Riva@icanschool.com,GameArt,2020,Paris
Kenna,Donell,Kenna.Donell@icanschool.com,BD,2023,Paris
Anestassia,Durante,Anestassia.Durante@icanschool.com,GameDesign,2018,Paris
Lily,Shuler,Lily.Shuler@icanschool.com,Communication,2021,Paris
Shel,Estella,Shel.Estella@icanschool.com,Communication,2020,Paris
Bobinette,Zuzana,Bobinette.Zuzana@icanschool.com,GameProgramming,2018,Paris
Myrtice,Wu,Myrtice.Wu@icanschool.com,BD,2020,Paris
Jean,Ivens,Jean.Ivens@icanschool.com,GameDesign,2019,Paris
Talya,Margret,Talya.Margret@icanschool.com,Communication,2018,Paris
Andeee,Raul,Andeee.Raul@icanschool.com,UX,2018,Paris
Jacenta,Lea,Jacenta.Lea@icanschool.com,Communication,2021,Paris
Sheree,Schenck,Sheree.Schenck@icanschool.com,UX,2020,Paris
Carolina,Maroney,Carolina.Maroney@icanschool.com,UX,2018,Paris
Neila,Gregrory,Neila.Gregrory@icanschool.com,Web,2022,Paris
Judy,Wandie,Judy.Wandie@icanschool.com,GameProgramming,2019,Paris
Jerry,Sabella,Jerry.Sabella@icanschool.com,UX,2019,Paris
Allis,Tufts,Allis.Tufts@icanschool.com,GameProgramming,2021,Paris
Lynde,Kamaria,Lynde.Kamaria@icanschool.com,Communication,2018,Paris
Zsa Zsa,Hashim,Zsa Zsa.Hashim@icanschool.com,BD,2018,Paris
Cathie,Cloris,Cathie.Cloris@icanschool.com,Web,2019,Paris
Flory,Elvyn,Flory.Elvyn@icanschool.com,GameDesign,2022,Paris
Ermengarde,Fiester,Ermengarde.Fiester@icanschool.com,Web,2023,Paris
Gaylene,Ardeha,Gaylene.Ardeha@icanschool.com,Web,2023,Paris
Regina,Mich,Regina.Mich@icanschool.com,GameProgramming,2021,Paris
Max,Han,Max.Han@icanschool.com,GameArt,2018,Paris
Bertine,Gamaliel,Bertine.Gamaliel@icanschool.com,BD,2020,Paris
Darci,Fadiman,Darci.Fadiman@icanschool.com,GameProgramming,2022,Paris
Selma,Bettine,Selma.Bettine@icanschool.com,GameProgramming,2020,Paris
Demetris,Shaddock,Demetris.Shaddock@icanschool.com,GameProgramming,2019,Paris
Gerrie,Cecile,Gerrie.Cecile@icanschool.com,Communication,2020,Paris
Kirstin,Latini,Kirstin.Latini@icanschool.com,UX,2018,Paris
Camile,Girardo,Camile.Girardo@icanschool.com,BD,2020,Paris
Jere,Kesley,Jere.Kesley@icanschool.com,BD,2022,Paris
Celisse,Etom,Celisse.Etom@icanschool.com,UX,2020,Paris
Kaja,Zitvaa,Kaja.Zitvaa@icanschool.com,BD,2022,Paris
Sallie,Duwalt,Sallie.Duwalt@icanschool.com,UX,2022,Paris
Janis,Jehu,Janis.Jehu@icanschool.com,GameProgramming,2019,Paris
Kimmy,Herrera,Kimmy.Herrera@icanschool.com,GameArt,2018,Paris
Bettine,Lindemann,Bettine.Lindemann@icanschool.com,UX,2019,Paris
Tilly,Andrel,Tilly.Andrel@icanschool.com,Web,2019,Paris
Nananne,Bonucci,Nananne.Bonucci@icanschool.com,UX,2018,Paris
Blake,Ammann,Blake.Ammann@icanschool.com,Communication,2022,Paris
Mureil,Janene,Mureil.Janene@icanschool.com,BD,2019,Paris
Ketti,O'Rourke,Ketti.O'Rourke@icanschool.com,UX,2019,Paris
Phedra,Chabot,Phedra.Chabot@icanschool.com,GameArt,2020,Paris
Theodora,Pauly,Theodora.Pauly@icanschool.com,GameArt,2020,Paris
Evaleen,Carri,Evaleen.Carri@icanschool.com,Web,2021,Paris
Fanchon,Schonfeld,Fanchon.Schonfeld@icanschool.com,Communication,2022,Paris
Corry,Heidt,Corry.Heidt@icanschool.com,GameDesign,2021,Paris
Cathie,Hoban,Cathie.Hoban@icanschool.com,BD,2019,Paris
Gianina,Mallon,Gianina.Mallon@icanschool.com,BD,2019,Paris
Annabela,Henrie,Annabela.Henrie@icanschool.com,UX,2019,Paris
Julieta,Esmaria,Julieta.Esmaria@icanschool.com,GameProgramming,2018,Paris
Tressa,O'Rourke,Tressa.O'Rourke@icanschool.com,UX,2021,Paris
Clo,Dudley,Clo.Dudley@icanschool.com,GameDesign,2021,Paris
Donetta,Malina,Donetta.Malina@icanschool.com,GameArt,2018,Paris
Wileen,Ricarda,Wileen.Ricarda@icanschool.com,GameDesign,2019,Paris
Ardys,Roche,Ardys.Roche@icanschool.com,GameProgramming,2021,Paris
Hope,Phyllis,Hope.Phyllis@icanschool.com,GameProgramming,2022,Paris
Alie,Thornburg,Alie.Thornburg@icanschool.com,Web,2022,Paris
Elbertina,Stilwell,Elbertina.Stilwell@icanschool.com,GameDesign,2021,Paris
Jemie,Thar,Jemie.Thar@icanschool.com,Communication,2023,Paris
Susan,Melan,Susan.Melan@icanschool.com,UX,2022,Paris
Kylynn,Afton,Kylynn.Afton@icanschool.com,GameArt,2019,Paris
Melina,Hanleigh,Melina.Hanleigh@icanschool.com,BD,2018,Paris
Tamqrah,Rosette,Tamqrah.Rosette@icanschool.com,GameArt,2022,Paris
Selia,Mayeda,Selia.Mayeda@icanschool.com,GameArt,2020,Paris
Jillayne,Harned,Jillayne.Harned@icanschool.com,BD,2021,Paris
Julieta,Shaver,Julieta.Shaver@icanschool.com,UX,2019,Paris
Bill,Henrie,Bill.Henrie@icanschool.com,GameProgramming,2022,Paris
Jobi,Daveta,Jobi.Daveta@icanschool.com,Web,2020,Paris
Juliane,Henebry,Juliane.Henebry@icanschool.com,Communication,2022,Paris
Imojean,Friede,Imojean.Friede@icanschool.com,GameDesign,2021,Paris
Liana,Mayeda,Liana.Mayeda@icanschool.com,GameArt,2021,Paris
Celestyna,Germann,Celestyna.Germann@icanschool.com,BD,2023,Paris
Rayna,Marlie,Rayna.Marlie@icanschool.com,GameProgramming,2020,Paris
Susan,Behre,Susan.Behre@icanschool.com,Communication,2019,Paris
Arlena,An,Arlena.An@icanschool.com,Communication,2018,Paris
Mamie,Middleton,Mamie.Middleton@icanschool.com,GameArt,2019,Paris
Sharlene,Myrilla,Sharlene.Myrilla@icanschool.com,GameDesign,2022,Paris
Libbie,Edvard,Libbie.Edvard@icanschool.com,GameDesign,2022,Paris
Gianina,Poll,Gianina.Poll@icanschool.com,GameDesign,2022,Paris
Jaime,Faro,Jaime.Faro@icanschool.com,Communication,2020,Paris
Ebonee,Tippets,Ebonee.Tippets@icanschool.com,UX,2020,Paris
Arlena,Adlare,Arlena.Adlare@icanschool.com,Web,2020,Paris
Lynea,Sprage,Lynea.Sprage@icanschool.com,GameDesign,2021,Paris
Frances,Swigart,Frances.Swigart@icanschool.com,Web,2018,Paris
Benita,Claudine,Benita.Claudine@icanschool.com,GameProgramming,2020,Paris
Tonia,Podvin,Tonia.Podvin@icanschool.com,UX,2021,Paris
Nataline,Norvol,Nataline.Norvol@icanschool.com,Web,2018,Paris
Dari,Taima,Dari.Taima@icanschool.com,Communication,2019,Paris
Elena,Kronfeld,Elena.Kronfeld@icanschool.com,GameProgramming,2022,Paris
Cissiee,Darbie,Cissiee.Darbie@icanschool.com,UX,2019,Paris
Zsa Zsa,Eno,Zsa Zsa.Eno@icanschool.com,GameDesign,2023,Paris
Gwenneth,Rurik,Gwenneth.Rurik@icanschool.com,GameDesign,2023,Paris
Florencia,Helve,Florencia.Helve@icanschool.com,GameArt,2018,Paris
Jaclyn,Flita,Jaclyn.Flita@icanschool.com,BD,2022,Paris
Heddie,Eliathas,Heddie.Eliathas@icanschool.com,GameArt,2022,Paris
Bobbi,Goldina,Bobbi.Goldina@icanschool.com,UX,2018,Paris
Melodie,Swigart,Melodie.Swigart@icanschool.com,GameDesign,2018,Paris
Daryl,Caitlin,Daryl.Caitlin@icanschool.com,Communication,2023,Paris
Concettina,Milde,Concettina.Milde@icanschool.com,GameProgramming,2023,Paris
Willetta,Hepsibah,Willetta.Hepsibah@icanschool.com,GameDesign,2023,Paris
Maridel,Iaverne,Maridel.Iaverne@icanschool.com,GameDesign,2020,Paris
Malina,Han,Malina.Han@icanschool.com,GameDesign,2023,Paris
Alleen,Oscar,Alleen.Oscar@icanschool.com,Communication,2022,Paris
Dawn,Thornburg,Dawn.Thornburg@icanschool.com,Web,2021,Paris
Verla,Roumell,Verla.Roumell@icanschool.com,Communication,2020,Paris
Raina,Ventre,Raina.Ventre@icanschool.com,BD,2021,Paris
Damaris,Rese,Damaris.Rese@icanschool.com,Communication,2021,Paris
Eolanda,Winnick,Eolanda.Winnick@icanschool.com,GameProgramming,2020,Paris
Maye,Hanleigh,Maye.Hanleigh@icanschool.com,BD,2022,Paris
Beverley,Dorine,Beverley.Dorine@icanschool.com,UX,2021,Paris
Dorene,Swanhildas,Dorene.Swanhildas@icanschool.com,UX,2022,Paris
Layla,Ahab,Layla.Ahab@icanschool.com,GameProgramming,2019,Paris
Genevra,Merell,Genevra.Merell@icanschool.com,GameArt,2019,Paris
Violet,Keily,Violet.Keily@icanschool.com,GameProgramming,2022,Paris
Averyl,Bakerman,Averyl.Bakerman@icanschool.com,GameArt,2022,Paris
Justinn,Urias,Justinn.Urias@icanschool.com,GameDesign,2021,Paris
Kirbee,Fancie,Kirbee.Fancie@icanschool.com,Communication,2021,Paris
Halette,Fiann,Halette.Fiann@icanschool.com,GameArt,2020,Paris
Elora,Hubert,Elora.Hubert@icanschool.com,Communication,2018,Paris
Marleah,Valoniah,Marleah.Valoniah@icanschool.com,GameProgramming,2021,Paris
Hayley,Montgomery,Hayley.Montgomery@icanschool.com,GameDesign,2018,Paris
Kassey,Belanger,Kassey.Belanger@icanschool.com,BD,2022,Paris
Beverley,Mandler,Beverley.Mandler@icanschool.com,UX,2022,Paris
Valeda,Liebermann,Valeda.Liebermann@icanschool.com,UX,2022,Paris
Paola,Afton,Paola.Afton@icanschool.com,Web,2021,Paris
Libbie,Willie,Libbie.Willie@icanschool.com,Web,2019,Paris
Grier,Bethany,Grier.Bethany@icanschool.com,UX,2019,Paris
Linet,Wind,Linet.Wind@icanschool.com,BD,2022,Paris
Keelia,Berriman,Keelia.Berriman@icanschool.com,UX,2022,Paris
Taffy,Buckler,Taffy.Buckler@icanschool.com,Communication,2018,Paris
Emilia,Kirbee,Emilia.Kirbee@icanschool.com,GameProgramming,2019,Paris
Kylynn,Daveta,Kylynn.Daveta@icanschool.com,UX,2022,Paris
Caritta,Carolin,Caritta.Carolin@icanschool.com,GameDesign,2019,Paris
Antonietta,Imelida,Antonietta.Imelida@icanschool.com,GameProgramming,2020,Paris
Heddie,Astra,Heddie.Astra@icanschool.com,Web,2020,Paris
Mara,Wiener,Mara.Wiener@icanschool.com,Communication,2018,Paris
Willetta,Remmer,Willetta.Remmer@icanschool.com,Web,2019,Paris
Ardys,Waite,Ardys.Waite@icanschool.com,GameArt,2023,Paris
Jenda,Felizio,Jenda.Felizio@icanschool.com,GameDesign,2022,Lille
Concettina,Tiffa,Concettina.Tiffa@icanschool.com,GameProgramming,2020,Lille
Brynna,Kirstin,Brynna.Kirstin@icanschool.com,BD,2019,Lille
Emylee,Mathilde,Emylee.Mathilde@icanschool.com,Web,2021,Lille
Fred,Torray,Fred.Torray@icanschool.com,BD,2020,Lille
Marti,Lipson,Marti.Lipson@icanschool.com,BD,2018,Lille
Odessa,Abbot,Odessa.Abbot@icanschool.com,GameProgramming,2018,Lille
Evaleen,Rozanna,Evaleen.Rozanna@icanschool.com,UX,2020,Lille
Ermengarde,Rheingold,Ermengarde.Rheingold@icanschool.com,GameDesign,2018,Lille
Gwenneth,Shelba,Gwenneth.Shelba@icanschool.com,GameProgramming,2021,Lille
Blake,Middleton,Blake.Middleton@icanschool.com,Communication,2020,Lille
Courtnay,Lanita,Courtnay.Lanita@icanschool.com,GameDesign,2023,Lille
Tracey,Tillford,Tracey.Tillford@icanschool.com,UX,2019,Lille
Liana,Kristi,Liana.Kristi@icanschool.com,GameArt,2023,Lille
Roslyn,Janith,Roslyn.Janith@icanschool.com,BD,2023,Lille
Elise,Halla,Elise.Halla@icanschool.com,Communication,2023,Lille
Alex,Myrilla,Alex.Myrilla@icanschool.com,GameArt,2021,Lille
Susan,Modie,Susan.Modie@icanschool.com,GameArt,2023,Lille
Elbertina,Ajay,Elbertina.Ajay@icanschool.com,Web,2022,Lille
Deloria,Sibyls,Deloria.Sibyls@icanschool.com,Web,2022,Lille
Tierney,Ardeha,Tierney.Ardeha@icanschool.com,UX,2020,Lille
Aubrie,Kamaria,Aubrie.Kamaria@icanschool.com,GameArt,2020,Lille
Claresta,Lanita,Claresta.Lanita@icanschool.com,UX,2019,Lille
Frieda,Sancho,Frieda.Sancho@icanschool.com,BD,2021,Lille
Deirdre,Aaberg,Deirdre.Aaberg@icanschool.com,GameArt,2023,Lille
Ottilie,Tice,Ottilie.Tice@icanschool.com,BD,2023,Lille
Vivia,Kat,Vivia.Kat@icanschool.com,GameDesign,2021,Lille
Arabel,O'Carroll,Arabel.O'Carroll@icanschool.com,Web,2021,Lille
Cecile,Michella,Cecile.Michella@icanschool.com,BD,2019,Lille
Gusella,Olnee,Gusella.Olnee@icanschool.com,Communication,2018,Lille
Lynnea,Maxi,Lynnea.Maxi@icanschool.com,BD,2023,Lille
Xylina,Bord,Xylina.Bord@icanschool.com,Web,2023,Lille
Kylynn,Aloise,Kylynn.Aloise@icanschool.com,GameArt,2023,Lille
Phedra,Glovsky,Phedra.Glovsky@icanschool.com,Web,2019,Lille
Magdalena,Travax,Magdalena.Travax@icanschool.com,GameArt,2023,Lille
Silvana,Linskey,Silvana.Linskey@icanschool.com,GameDesign,2021,Lille
Olwen,Zeeba,Olwen.Zeeba@icanschool.com,Communication,2022,Lille
Bernie,Kellby,Bernie.Kellby@icanschool.com,Communication,2021,Lille
Lila,Georgy,Lila.Georgy@icanschool.com,Communication,2020,Lille
Tobe,Kunin,Tobe.Kunin@icanschool.com,UX,2021,Lille
Nickie,Greyson,Nickie.Greyson@icanschool.com,UX,2019,Lille
Dawn,Emmaline,Dawn.Emmaline@icanschool.com,GameDesign,2023,Lille
Cathie,Kussell,Cathie.Kussell@icanschool.com,BD,2019,Lille
Rosene,Adalbert,Rosene.Adalbert@icanschool.com,Web,2019,Lille
Robinia,Saunderson,Robinia.Saunderson@icanschool.com,Web,2022,Lille
Livvyy,Georas,Livvyy.Georas@icanschool.com,UX,2021,Lille
Kittie,Loleta,Kittie.Loleta@icanschool.com,BD,2020,Lille
Emma,Carlson,Emma.Carlson@icanschool.com,Communication,2023,Lille
Mariann,Morgun,Mariann.Morgun@icanschool.com,Web,2020,Lille
Wilma,Helve,Wilma.Helve@icanschool.com,Communication,2021,Lille
Winny,Bonilla,Winny.Bonilla@icanschool.com,GameDesign,2020,Lille
Kalina,Diogenes,Kalina.Diogenes@icanschool.com,UX,2022,Lille
Millie,August,Millie.August@icanschool.com,GameProgramming,2021,Lille
Stephanie,Delila,Stephanie.Delila@icanschool.com,GameArt,2021,Lille
Jany,Cohdwell,Jany.Cohdwell@icanschool.com,GameArt,2018,Lille
Etta,Clara,Etta.Clara@icanschool.com,GameArt,2023,Lille
Selma,Roscoe,Selma.Roscoe@icanschool.com,UX,2022,Lille
Jenda,Magdalen,Jenda.Magdalen@icanschool.com,UX,2019,Lille
Minne,Earlie,Minne.Earlie@icanschool.com,GameArt,2022,Lille
Hayley,Fillbert,Hayley.Fillbert@icanschool.com,Communication,2019,Lille
Lonnie,Suzetta,Lonnie.Suzetta@icanschool.com,UX,2021,Lille
Alie,Rooney,Alie.Rooney@icanschool.com,GameArt,2018,Lille
Marline,Grobe,Marline.Grobe@icanschool.com,Communication,2019,Lille
Ilse,Helfand,Ilse.Helfand@icanschool.com,UX,2022,Lille
Jeanna,Edee,Jeanna.Edee@icanschool.com,Web,2019,Lille
Silvana,Linskey,Silvana.Linskey@icanschool.com,Communication,2021,Lille
Cassandra,Bevin,Cassandra.Bevin@icanschool.com,Web,2018,Lille
Dale,Lilybelle,Dale.Lilybelle@icanschool.com,BD,2021,Lille
Britni,Rustice,Britni.Rustice@icanschool.com,GameDesign,2020,Lille
Barbi,Ricki,Barbi.Ricki@icanschool.com,Web,2021,Lille
Atlanta,Means,Atlanta.Means@icanschool.com,BD,2018,Lille
Tilly,Adalbert,Tilly.Adalbert@icanschool.com,BD,2019,Lille
Evita,Tarrant,Evita.Tarrant@icanschool.com,Web,2021,Lille
Tierney,Woodberry,Tierney.Woodberry@icanschool.com,BD,2019,Lille
Kenna,Gerge,Kenna.Gerge@icanschool.com,Web,2021,Lille
Rosabelle,Tremayne,Rosabelle.Tremayne@icanschool.com,GameProgramming,2019,Lille
Maud,Hutchison,Maud.Hutchison@icanschool.com,Web,2018,Lille
Elfreda,Pip,Elfreda.Pip@icanschool.com,Web,2021,Lille
Caressa,Vilma,Caressa.Vilma@icanschool.com,GameDesign,2018,Lille
Gale,Annabella,Gale.Annabella@icanschool.com,Communication,2023,Lille
Drucie,Freddi,Drucie.Freddi@icanschool.com,GameArt,2021,Lille
Laure,Oriana,Laure.Oriana@icanschool.com,Web,2019,Lille
Ruthe,Wilkinson,Ruthe.Wilkinson@icanschool.com,UX,2019,Lille
Amalie,Corilla,Amalie.Corilla@icanschool.com,UX,2023,Lille
Mireielle,Parette,Mireielle.Parette@icanschool.com,GameArt,2022,Lille
Silvana,McClimans,Silvana.McClimans@icanschool.com,Communication,2023,Lille
Eugine,Quent,Eugine.Quent@icanschool.com,Web,2023,Lille
Lilith,Macey,Lilith.Macey@icanschool.com,BD,2021,Lille
Nataline,Rosalba,Nataline.Rosalba@icanschool.com,GameArt,2019,Lille
Tori,Harday,Tori.Harday@icanschool.com,BD,2020,Lille
Valli,Lutero,Valli.Lutero@icanschool.com,GameArt,2022,Lille
Emmey,Libna,Emmey.Libna@icanschool.com,Communication,2018,Lille
Linzy,Campball,Linzy.Campball@icanschool.com,GameDesign,2021,Lille
Evaleen,Hull,Evaleen.Hull@icanschool.com,GameProgramming,2019,Lille
Tina,Kussell,Tina.Kussell@icanschool.com,BD,2019,Lille
Bobinette,Diogenes,Bobinette.Diogenes@icanschool.com,UX,2019,Lille
Andree,Sherfield,Andree.Sherfield@icanschool.com,Web,2019,Lille
Silvana,Alejoa,Silvana.Alejoa@icanschool.com,BD,2022,Lille
Karly,Haymes,Karly.Haymes@icanschool.com,GameArt,2023,Lille
Corene,Yate,Corene.Yate@icanschool.com,GameDesign,2020,Lille
Aigneis,Brady,Aigneis.Brady@icanschool.com,GameDesign,2020,Lille
Britte,Ajay,Britte.Ajay@icanschool.com,Web,2018,Lille
Rozele,Hachmin,Rozele.Hachmin@icanschool.com,GameProgramming,2021,Lille
Georgina,Karl,Georgina.Karl@icanschool.com,Communication,2022,Lille
Aryn,Hourigan,Aryn.Hourigan@icanschool.com,Web,2023,Lille
Moyna,Sigfrid,Moyna.Sigfrid@icanschool.com,GameArt,2021,Lille
Paule,Plato,Paule.Plato@icanschool.com,GameArt,2020,Lille
Melisent,Koziara,Melisent.Koziara@icanschool.com,GameArt,2023,Lille
Cathie,Kravits,Cathie.Kravits@icanschool.com,GameArt,2018,Lille
Dennie,Urania,Dennie.Urania@icanschool.com,Web,2021,Lille
Dede,Lunsford,Dede.Lunsford@icanschool.com,GameArt,2021,Lille
Halette,O'Carroll,Halette.O'Carroll@icanschool.com,Communication,2018,Lille
Jemie,Pozzy,Jemie.Pozzy@icanschool.com,Web,2019,Lille
Margalo,Lewes,Margalo.Lewes@icanschool.com,GameDesign,2020,Lille
Kamilah,Ax,Kamilah.Ax@icanschool.com,Web,2018,Lille
Silvana,Guildroy,Silvana.Guildroy@icanschool.com,GameArt,2019,Lille
Roxane,Rozanna,Roxane.Rozanna@icanschool.com,BD,2019,Lille
Mamie,Hoban,Mamie.Hoban@icanschool.com,BD,2020,Lille
Corly,Angelis,Corly.Angelis@icanschool.com,Web,2020,Lille
Wynne,Charmine,Wynne.Charmine@icanschool.com,UX,2018,Lille
Joleen,Bonilla,Joleen.Bonilla@icanschool.com,GameProgramming,2023,Lille
Cacilie,Quent,Cacilie.Quent@icanschool.com,GameArt,2020,Lille
Ana,Roarke,Ana.Roarke@icanschool.com,Web,2022,Lille
Tarra,Tippets,Tarra.Tippets@icanschool.com,Web,2022,Lille
Leona,Blake,Leona.Blake@icanschool.com,BD,2022,Lille
Korrie,Blisse,Korrie.Blisse@icanschool.com,GameArt,2020,Lille
Harrietta,Crudden,Harrietta.Crudden@icanschool.com,Web,2021,Lille
Feliza,Marsden,Feliza.Marsden@icanschool.com,Communication,2021,Lille
Shirlee,Chabot,Shirlee.Chabot@icanschool.com,BD,2018,Lille
Hettie,Dearborn,Hettie.Dearborn@icanschool.com,UX,2021,Lille
Sherrie,Cohdwell,Sherrie.Cohdwell@icanschool.com,GameArt,2018,Lille
Elbertina,Hepsibah,Elbertina.Hepsibah@icanschool.com,GameProgramming,2021,Lille
Selia,Chinua,Selia.Chinua@icanschool.com,GameDesign,2019,Lille
Arabel,Lorain,Arabel.Lorain@icanschool.com,Communication,2018,Lille
Renie,Joli,Renie.Joli@icanschool.com,UX,2020,Lille
Christy,Juan,Christy.Juan@icanschool.com,UX,2018,Lille
Christal,Campball,Christal.Campball@icanschool.com,Web,2019,Lille
Pierette,Rustice,Pierette.Rustice@icanschool.com,GameArt,2022,Lille
Starla,Glovsky,Starla.Glovsky@icanschool.com,GameArt,2019,Lille
Ermengarde,Sisile,Ermengarde.Sisile@icanschool.com,GameDesign,2022,Lille
Melodie,Hortensia,Melodie.Hortensia@icanschool.com,GameArt,2023,Lille
Paule,Gwenore,Paule.Gwenore@icanschool.com,GameArt,2019,Lille
Correy,Gert,Correy.Gert@icanschool.com,GameDesign,2018,Lille
Charlena,Fontana,Charlena.Fontana@icanschool.com,GameDesign,2022,Lille
Dari,Codding,Dari.Codding@icanschool.com,BD,2023,Lille
Tressa,Henebry,Tressa.Henebry@icanschool.com,GameArt,2019,Lille
Dorice,Dominy,Dorice.Dominy@icanschool.com,GameArt,2022,Lille
Sindee,Darrell,Sindee.Darrell@icanschool.com,GameProgramming,2021,Lille
Cristine,Wind,Cristine.Wind@icanschool.com,Web,2023,Lille
Kaia,Bethany,Kaia.Bethany@icanschool.com,Web,2022,Lille
Jenilee,Gino,Jenilee.Gino@icanschool.com,GameArt,2022,Lille
Paule,Nerita,Paule.Nerita@icanschool.com,GameProgramming,2023,Lille
Briney,Pozzy,Briney.Pozzy@icanschool.com,UX,2021,Lille
Kathi,Seumas,Kathi.Seumas@icanschool.com,BD,2019,Lille
Thalia,Longfellow,Thalia.Longfellow@icanschool.com,GameArt,2019,Lille
Myrtice,Trey,Myrtice.Trey@icanschool.com,GameArt,2018,Lille
Dorice,Markman,Dorice.Markman@icanschool.com,Communication,2020,Lille
Blinni,Cherianne,Blinni.Cherianne@icanschool.com,GameArt,2021,Lille
Valli,Glovsky,Valli.Glovsky@icanschool.com,GameArt,2018,Lille
Renie,Drus,Renie.Drus@icanschool.com,BD,2019,Lille
Ronna,Tryck,Ronna.Tryck@icanschool.com,Web,2020,Lille
Nadine,Fitzsimmons,Nadine.Fitzsimmons@icanschool.com,GameDesign,2019,Lille
Valera,Lea,Valera.Lea@icanschool.com,Communication,2018,Lille
Shaine,Linskey,Shaine.Linskey@icanschool.com,BD,2022,Lille
Desirae,Koziara,Desirae.Koziara@icanschool.com,GameProgramming,2022,Lille
Arabel,Annabella,Arabel.Annabella@icanschool.com,Communication,2020,Lille
Riannon,Chandler,Riannon.Chandler@icanschool.com,GameArt,2021,Lille
Abbie,McNully,Abbie.McNully@icanschool.com,Communication,2022,Lille
Rivalee,Moseley,Rivalee.Moseley@icanschool.com,Communication,2018,Lille
Kial,Rhu,Kial.Rhu@icanschool.com,GameProgramming,2019,Lille
Kristina,Blake,Kristina.Blake@icanschool.com,UX,2019,Lille
Melisent,Jotham,Melisent.Jotham@icanschool.com,Web,2020,Lille
Sandie,Lubin,Sandie.Lubin@icanschool.com,GameDesign,2019,Lille
Jany,Francene,Jany.Francene@icanschool.com,GameDesign,2022,Lille
Nonnah,Leifeste,Nonnah.Leifeste@icanschool.com,Communication,2021,Lille
Tabbatha,Dermott,Tabbatha.Dermott@icanschool.com,Communication,2022,Lille
Dawn,Kylander,Dawn.Kylander@icanschool.com,Communication,2021,Lille
Amelia,Curren,Amelia.Curren@icanschool.com,GameArt,2018,Lille
Margalo,Eben,Margalo.Eben@icanschool.com,GameDesign,2021,Lille
Antonietta,Stefa,Antonietta.Stefa@icanschool.com,BD,2019,Lille
Claudina,Moseley,Claudina.Moseley@icanschool.com,GameDesign,2018,Lille
Augustine,Gaulin,Augustine.Gaulin@icanschool.com,Web,2021,Lille
Katuscha,Jenness,Katuscha.Jenness@icanschool.com,GameArt,2022,Lille
Vivia,Paine,Vivia.Paine@icanschool.com,GameDesign,2020,Lille
Yolane,Earlie,Yolane.Earlie@icanschool.com,UX,2020,Lille
Carolina,Damarra,Carolina.Damarra@icanschool.com,BD,2023,Lille
Maisey,Bury,Maisey.Bury@icanschool.com,UX,2018,Lille
Ninnetta,Knowling,Ninnetta.Knowling@icanschool.com,UX,2023,Lille
Paola,Koziara,Paola.Koziara@icanschool.com,BD,2021,Lille
Paola,Bow,Paola.Bow@icanschool.com,BD,2021,Lille
Laure,Bow,Laure.Bow@icanschool.com,Web,2018,Lille
Farrah,Bethany,Farrah.Bethany@icanschool.com,Communication,2018,Lille
Cissiee,Shanley,Cissiee.Shanley@icanschool.com,BD,2022,Lille
Jessamyn,Othilia,Jessamyn.Othilia@icanschool.com,BD,2021,Lille
Shandie,Guildroy,Shandie.Guildroy@icanschool.com,GameDesign,2018,Lille
Diena,Ruvolo,Diena.Ruvolo@icanschool.com,Web,2021,Lille
Isa,Dulciana,Isa.Dulciana@icanschool.com,GameProgramming,2022,Lille
Nita,Zamora,Nita.Zamora@icanschool.com,BD,2022,Lille
Natka,Kathie,Natka.Kathie@icanschool.com,UX,2020,Lille
Winifred,Saree,Winifred.Saree@icanschool.com,Web,2023,Lille
Nanete,Rosalba,Nanete.Rosalba@icanschool.com,Web,2020,Lille
Claresta,Erlandson,Claresta.Erlandson@icanschool.com,GameProgramming,2018,Lille
Rayna,Lilybelle,Rayna.Lilybelle@icanschool.com,Communication,2021,Lille
Claudina,Engdahl,Claudina.Engdahl@icanschool.com,GameProgramming,2020,Lille
Brianna,Ledah,Brianna.Ledah@icanschool.com,BD,2018,Lille
Lily,Mauer,Lily.Mauer@icanschool.com,UX,2020,Lille
Rhea,Terrence,Rhea.Terrence@icanschool.com,Communication,2018,Lille
Viviene,Melony,Viviene.Melony@icanschool.com,BD,2022,Lille
Tomasina,Aurelio,Tomasina.Aurelio@icanschool.com,Communication,2022,Lille
Carolina,Roxanna,Carolina.Roxanna@icanschool.com,GameArt,2022,Lille
Stacey,Cassius,Stacey.Cassius@icanschool.com,GameProgramming,2022,Lille
Angelique,Suanne,Angelique.Suanne@icanschool.com,GameArt,2019,Lille
Roseline,Shelba,Roseline.Shelba@icanschool.com,GameArt,2022,Lille
Shirlee,Vilma,Shirlee.Vilma@icanschool.com,UX,2020,Lille
Gwenneth,Viddah,Gwenneth.Viddah@icanschool.com,GameDesign,2023,Lille
Daphne,Kenney,Daphne.Kenney@icanschool.com,GameProgramming,2018,Lille
Adelle,Zuzana,Adelle.Zuzana@icanschool.com,GameProgramming,2021,Lille
Lynnea,Karylin,Lynnea.Karylin@icanschool.com,GameDesign,2022,Lille
Florencia,Alfons,Florencia.Alfons@icanschool.com,GameArt,2022,Lille
Nanete,Henebry,Nanete.Henebry@icanschool.com,Web,2019,Lille
Sherrie,Read,Sherrie.Read@icanschool.com,GameDesign,2022,Lille
Rebeca,Rudolph,Rebeca.Rudolph@icanschool.com,UX,2020,Lille
Blondelle,Bevin,Blondelle.Bevin@icanschool.com,UX,2020,Lille
Kelly,Talia,Kelly.Talia@icanschool.com,BD,2019,Lille
Jinny,Junie,Jinny.Junie@icanschool.com,GameProgramming,2019,Lille
Clementine,Johanna,Clementine.Johanna@icanschool.com,Web,2021,Lille
Maisey,Lanita,Maisey.Lanita@icanschool.com,GameProgramming,2021,Lille
Doro,Japeth,Doro.Japeth@icanschool.com,Communication,2022,Lille
Kimberley,Smitt,Kimberley.Smitt@icanschool.com,Communication,2023,Lille
Edyth,Malina,Edyth.Malina@icanschool.com,UX,2019,Lille
Tera,Bouchard,Tera.Bouchard@icanschool.com,BD,2020,Lille
Michaelina,Liebermann,Michaelina.Liebermann@icanschool.com,GameProgramming,2023,Lille
Antonietta,Vastah,Antonietta.Vastah@icanschool.com,BD,2019,Lille
Alie,Letsou,Alie.Letsou@icanschool.com,UX,2018,Lille
Korrie,Infield,Korrie.Infield@icanschool.com,BD,2019,Lille
Starla,Nea,Starla.Nea@icanschool.com,Web,2019,Lille
Kristan,Lea,Kristan.Lea@icanschool.com,GameDesign,2021,Lille
Lucy,Voletta,Lucy.Voletta@icanschool.com,Web,2023,Lille
Jorry,Virgin,Jorry.Virgin@icanschool.com,Communication,2020,Lille
Florencia,Dielu,Florencia.Dielu@icanschool.com,GameDesign,2023,Lille
Modestia,Howlyn,Modestia.Howlyn@icanschool.com,Web,2019,Lille
Celisse,Neils,Celisse.Neils@icanschool.com,BD,2022,Lille
Dagmar,Nester,Dagmar.Nester@icanschool.com,GameArt,2020,Lille
Myrtice,Cressida,Myrtice.Cressida@icanschool.com,GameArt,2022,Lille
Bertine,Tound,Bertine.Tound@icanschool.com,BD,2022,Lille
Merle,Ophelia,Merle.Ophelia@icanschool.com,GameDesign,2019,Lille
Marti,Norvol,Marti.Norvol@icanschool.com,BD,2020,Lille
Audrie,Birdella,Audrie.Birdella@icanschool.com,GameDesign,2022,Lille
Julieta,Emmy,Julieta.Emmy@icanschool.com,GameArt,2019,Lille
Kayla,McCutcheon,Kayla.McCutcheon@icanschool.com,Web,2021,Lille
Kristina,Duwalt,Kristina.Duwalt@icanschool.com,GameProgramming,2022,Lille
Valeda,Presber,Valeda.Presber@icanschool.com,BD,2023,Lille
Marcelline,Orlene,Marcelline.Orlene@icanschool.com,Web,2022,Lille
Rosaline,Pozzy,Rosaline.Pozzy@icanschool.com,GameDesign,2022,Lille
Jerry,Toffic,Jerry.Toffic@icanschool.com,BD,2023,Lille
Barbara,Margret,Barbara.Margret@icanschool.com,BD,2023,Lille
Binny,Cosenza,Binny.Cosenza@icanschool.com,GameProgramming,2021,Lille
Delilah,Bevin,Delilah.Bevin@icanschool.com,Web,2018,Lille
Viviene,Odysseus,Viviene.Odysseus@icanschool.com,GameDesign,2018,Lille
Chickie,Albertine,Chickie.Albertine@icanschool.com,GameArt,2023,Lille
Nanete,Olympium,Nanete.Olympium@icanschool.com,GameProgramming,2018,Lille
Therine,Bonilla,Therine.Bonilla@icanschool.com,Web,2020,Lille
Gale,Eiser,Gale.Eiser@icanschool.com,GameArt,2022,Lille
Kerrin,Secrest,Kerrin.Secrest@icanschool.com,GameDesign,2020,Lille
Carly,Etom,Carly.Etom@icanschool.com,Communication,2018,Lille
Maye,Bigner,Maye.Bigner@icanschool.com,GameProgramming,2018,Lille
Cherrita,Chaing,Cherrita.Chaing@icanschool.com,GameProgramming,2019,Lille
Gerianna,Dom,Gerianna.Dom@icanschool.com,GameDesign,2018,Lille
Luci,Elbertina,Luci.Elbertina@icanschool.com,GameProgramming,2018,Lille
Lynnea,Zola,Lynnea.Zola@icanschool.com,BD,2020,Lille
Ariela,Poppy,Ariela.Poppy@icanschool.com,Communication,2021,Lille
Kylynn,Friede,Kylynn.Friede@icanschool.com,GameDesign,2019,Lille
Dianemarie,Bennie,Dianemarie.Bennie@icanschool.com,GameProgramming,2023,Lille
Elsie,Carbo,Elsie.Carbo@icanschool.com,Communication,2022,Lille
Lanae,Moseley,Lanae.Moseley@icanschool.com,GameDesign,2019,Lyon
Ivett,Durware,Ivett.Durware@icanschool.com,UX,2023,Lyon
Sibella,Hanshaw,Sibella.Hanshaw@icanschool.com,GameDesign,2022,Lyon
Magdalena,Old,Magdalena.Old@icanschool.com,GameProgramming,2020,Lyon
Drucie,Alrich,Drucie.Alrich@icanschool.com,Communication,2018,Lyon
Jillayne,Craggie,Jillayne.Craggie@icanschool.com,GameArt,2023,Lyon
Ursulina,Radu,Ursulina.Radu@icanschool.com,UX,2020,Lyon
Constance,Alwin,Constance.Alwin@icanschool.com,UX,2023,Lyon
Kerrin,Milde,Kerrin.Milde@icanschool.com,GameProgramming,2022,Lyon
Konstance,Tristram,Konstance.Tristram@icanschool.com,Communication,2023,Lyon
Aimil,Noman,Aimil.Noman@icanschool.com,UX,2022,Lyon
Kenna,Lubin,Kenna.Lubin@icanschool.com,Communication,2021,Lyon
Maud,Therine,Maud.Therine@icanschool.com,Communication,2023,Lyon
Elyssa,Hurley,Elyssa.Hurley@icanschool.com,Communication,2022,Lyon
Cathyleen,Remmer,Cathyleen.Remmer@icanschool.com,GameProgramming,2019,Lyon
Caritta,Haymes,Caritta.Haymes@icanschool.com,Communication,2023,Lyon
Dari,Stelle,Dari.Stelle@icanschool.com,GameDesign,2021,Lyon
Carol-Jean,Gregrory,Carol-Jean.Gregrory@icanschool.com,GameDesign,2022,Lyon
Ilse,Giff,Ilse.Giff@icanschool.com,Communication,2019,Lyon
Leontine,Birdella,Leontine.Birdella@icanschool.com,BD,2018,Lyon
Margarette,Stefa,Margarette.Stefa@icanschool.com,Web,2021,Lyon
Orsola,Ackerley,Orsola.Ackerley@icanschool.com,BD,2021,Lyon
Nanete,Flita,Nanete.Flita@icanschool.com,GameProgramming,2019,Lyon
Anallese,Grimbly,Anallese.Grimbly@icanschool.com,Communication,2022,Lyon
Orelia,Trey,Orelia.Trey@icanschool.com,Communication,2023,Lyon
Taffy,Quinn,Taffy.Quinn@icanschool.com,GameDesign,2021,Lyon
Letizia,Mitzi,Letizia.Mitzi@icanschool.com,BD,2021,Lyon
Theodora,Capello,Theodora.Capello@icanschool.com,GameArt,2022,Lyon
Dari,Annice,Dari.Annice@icanschool.com,GameDesign,2020,Lyon
Jennica,Wittie,Jennica.Wittie@icanschool.com,GameDesign,2018,Lyon
Fidelia,Hirsch,Fidelia.Hirsch@icanschool.com,Web,2020,Lyon
Ida,Willie,Ida.Willie@icanschool.com,GameArt,2022,Lyon
Minne,Nadia,Minne.Nadia@icanschool.com,GameDesign,2023,Lyon
Celene,Beniamino,Celene.Beniamino@icanschool.com,GameDesign,2019,Lyon
Mahalia,Barrus,Mahalia.Barrus@icanschool.com,Communication,2020,Lyon
Cristabel,Hamil,Cristabel.Hamil@icanschool.com,GameProgramming,2022,Lyon
Cindelyn,Vharat,Cindelyn.Vharat@icanschool.com,Web,2018,Lyon
Annice,Vorster,Annice.Vorster@icanschool.com,GameProgramming,2021,Lyon
Cyndie,Koziara,Cyndie.Koziara@icanschool.com,BD,2021,Lyon
Ronna,Ehrman,Ronna.Ehrman@icanschool.com,Web,2018,Lyon
Rayna,Billye,Rayna.Billye@icanschool.com,GameDesign,2019,Lyon
Viviene,Delila,Viviene.Delila@icanschool.com,GameDesign,2022,Lyon
Sheree,Adlare,Sheree.Adlare@icanschool.com,GameProgramming,2022,Lyon
Jacquetta,Madelene,Jacquetta.Madelene@icanschool.com,GameArt,2022,Lyon
Donetta,Darbie,Donetta.Darbie@icanschool.com,Web,2023,Lyon
Oona,Cleavland,Oona.Cleavland@icanschool.com,GameArt,2018,Lyon
Nessie,Ulphia,Nessie.Ulphia@icanschool.com,UX,2019,Lyon
Nariko,Vanni,Nariko.Vanni@icanschool.com,UX,2023,Lyon
Marnia,Schalles,Marnia.Schalles@icanschool.com,Communication,2023,Lyon
Neila,Richers,Neila.Richers@icanschool.com,UX,2021,Lyon
Debee,Killigrew,Debee.Killigrew@icanschool.com,UX,2018,Lyon
Joelly,Septima,Joelly.Septima@icanschool.com,GameArt,2018,Lyon
Orsola,August,Orsola.August@icanschool.com,Web,2019,Lyon
Chere,Montgomery,Chere.Montgomery@icanschool.com,GameDesign,2023,Lyon
Myriam,Couture,Myriam.Couture@icanschool.com,GameArt,2023,Lyon
Imojean,Campball,Imojean.Campball@icanschool.com,UX,2022,Lyon
Binny,Gibbeon,Binny.Gibbeon@icanschool.com,GameArt,2020,Lyon
Caryl,Sabella,Caryl.Sabella@icanschool.com,GameDesign,2018,Lyon
Corene,Seligman,Corene.Seligman@icanschool.com,BD,2019,Lyon
Sidoney,Aloise,Sidoney.Aloise@icanschool.com,GameProgramming,2018,Lyon
Catrina,Cherianne,Catrina.Cherianne@icanschool.com,GameDesign,2021,Lyon
Anestassia,Waite,Anestassia.Waite@icanschool.com,Web,2018,Lyon
Elmira,Kauppi,Elmira.Kauppi@icanschool.com,GameProgramming,2021,Lyon
Brandise,An,Brandise.An@icanschool.com,GameDesign,2018,Lyon
Dari,Lytton,Dari.Lytton@icanschool.com,Web,2019,Lyon
Alejandra,Bergman,Alejandra.Bergman@icanschool.com,Web,2022,Lyon
Tierney,Carvey,Tierney.Carvey@icanschool.com,BD,2018,Lyon
Ann-Marie,Amasa,Ann-Marie.Amasa@icanschool.com,Communication,2020,Lyon
Amii,Ranjiv,Amii.Ranjiv@icanschool.com,Web,2021,Lyon
Glenda,Ax,Glenda.Ax@icanschool.com,Web,2023,Lyon
Sherrie,Tatianas,Sherrie.Tatianas@icanschool.com,Web,2018,Lyon
Cristabel,Kannry,Cristabel.Kannry@icanschool.com,GameDesign,2021,Lyon
Amalie,Niles,Amalie.Niles@icanschool.com,BD,2021,Lyon
Lanae,Mott,Lanae.Mott@icanschool.com,Web,2021,Lyon
Marnia,Forrer,Marnia.Forrer@icanschool.com,Web,2021,Lyon
Marita,Cynar,Marita.Cynar@icanschool.com,Web,2021,Lyon
Jany,Dahlia,Jany.Dahlia@icanschool.com,UX,2021,Lyon
Dorice,Gino,Dorice.Gino@icanschool.com,GameArt,2020,Lyon
Deedee,Dalli,Deedee.Dalli@icanschool.com,Web,2020,Lyon
Bettine,Codding,Bettine.Codding@icanschool.com,Communication,2018,Lyon
Darlleen,Afton,Darlleen.Afton@icanschool.com,Communication,2023,Lyon
Raquela,Sacken,Raquela.Sacken@icanschool.com,UX,2018,Lyon
Lorie,Christine,Lorie.Christine@icanschool.com,Communication,2020,Lyon
Tamqrah,Mathilde,Tamqrah.Mathilde@icanschool.com,GameArt,2019,Lyon
Heddie,Ietta,Heddie.Ietta@icanschool.com,UX,2023,Lyon
Shauna,Rodmann,Shauna.Rodmann@icanschool.com,GameProgramming,2018,Lyon
Adelle,Wadell,Adelle.Wadell@icanschool.com,BD,2022,Lyon
Carmela,Clywd,Carmela.Clywd@icanschool.com,UX,2019,Lyon
Annabela,Toni,Annabela.Toni@icanschool.com,GameProgramming,2018,Lyon
Leontine,Secrest,Leontine.Secrest@icanschool.com,BD,2020,Lyon
Margarette,Gale,Margarette.Gale@icanschool.com,Web,2018,Lyon
Ursulina,Tjon,Ursulina.Tjon@icanschool.com,UX,2022,Lyon
Norine,Aaberg,Norine.Aaberg@icanschool.com,Communication,2019,Lyon
Bibby,Wu,Bibby.Wu@icanschool.com,GameArt,2019,Lyon
Caritta,Sibyls,Caritta.Sibyls@icanschool.com,GameArt,2019,Lyon
Amii,Rubie,Amii.Rubie@icanschool.com,GameProgramming,2023,Lyon
Ingrid,Roscoe,Ingrid.Roscoe@icanschool.com,Web,2018,Lyon
Carly,Solitta,Carly.Solitta@icanschool.com,Web,2018,Lyon
Kimberley,Ailyn,Kimberley.Ailyn@icanschool.com,BD,2022,Lyon
Ericka,Lipson,Ericka.Lipson@icanschool.com,GameProgramming,2022,Lyon
Concettina,Ephrem,Concettina.Ephrem@icanschool.com,BD,2021,Lyon
Briney,Dichy,Briney.Dichy@icanschool.com,GameDesign,2018,Lyon
Karlee,Drus,Karlee.Drus@icanschool.com,Web,2022,Lyon
Betta,Edmund,Betta.Edmund@icanschool.com,Web,2023,Lyon
Stacey,Alisia,Stacey.Alisia@icanschool.com,UX,2023,Lyon
Gianina,Decato,Gianina.Decato@icanschool.com,Web,2018,Lyon
Debee,Philipp,Debee.Philipp@icanschool.com,GameArt,2022,Lyon
Chere,Weinreb,Chere.Weinreb@icanschool.com,GameArt,2022,Lyon
Alie,Franza,Alie.Franza@icanschool.com,UX,2018,Lyon
Daphne,Bates,Daphne.Bates@icanschool.com,GameArt,2023,Lyon
Siana,Ader,Siana.Ader@icanschool.com,GameArt,2018,Lyon
Brietta,Kesley,Brietta.Kesley@icanschool.com,UX,2022,Lyon
Tori,Michella,Tori.Michella@icanschool.com,Web,2023,Lyon
Violet,Madaih,Violet.Madaih@icanschool.com,Communication,2021,Lyon
Jacquetta,Radu,Jacquetta.Radu@icanschool.com,BD,2023,Lyon
Jessamyn,Chinua,Jessamyn.Chinua@icanschool.com,UX,2020,Lyon
Eve,Wenoa,Eve.Wenoa@icanschool.com,GameDesign,2022,Lyon
Vivia,Vernier,Vivia.Vernier@icanschool.com,UX,2023,Lyon
Robbi,Bertold,Robbi.Bertold@icanschool.com,GameArt,2021,Lyon
Lynea,Lory,Lynea.Lory@icanschool.com,GameProgramming,2019,Lyon
Cyndie,Alarise,Cyndie.Alarise@icanschool.com,Communication,2021,Lyon
Rosanne,Pearse,Rosanne.Pearse@icanschool.com,Communication,2018,Lyon
Jolyn,Tryck,Jolyn.Tryck@icanschool.com,GameProgramming,2020,Lyon
Gisela,Mayeda,Gisela.Mayeda@icanschool.com,Web,2019,Lyon
Aurore,Bultman,Aurore.Bultman@icanschool.com,UX,2018,Lyon
Lorenza,Gert,Lorenza.Gert@icanschool.com,UX,2018,Lyon
Cecile,Sammons,Cecile.Sammons@icanschool.com,BD,2020,Lyon
Eugine,Fennessy,Eugine.Fennessy@icanschool.com,GameArt,2018,Lyon
Daphne,Zamora,Daphne.Zamora@icanschool.com,GameDesign,2021,Lyon
Peri,Esmaria,Peri.Esmaria@icanschool.com,Communication,2019,Lyon
Malina,Cimbura,Malina.Cimbura@icanschool.com,UX,2018,Lyon
Judy,Gamaliel,Judy.Gamaliel@icanschool.com,GameDesign,2018,Lyon
Melisent,Ricki,Melisent.Ricki@icanschool.com,GameArt,2018,Lyon
Glynnis,Timon,Glynnis.Timon@icanschool.com,Communication,2018,Lyon
Shaylyn,Berard,Shaylyn.Berard@icanschool.com,UX,2021,Lyon
Sandie,Nisbet,Sandie.Nisbet@icanschool.com,Communication,2018,Lyon
Moyna,Velick,Moyna.Velick@icanschool.com,GameDesign,2018,Lyon
Robinia,Charity,Robinia.Charity@icanschool.com,UX,2021,Lyon
Kore,McCutcheon,Kore.McCutcheon@icanschool.com,GameDesign,2019,Lyon
Bill,Latini,Bill.Latini@icanschool.com,Web,2018,Lyon
Riannon,Engdahl,Riannon.Engdahl@icanschool.com,UX,2023,Lyon
Betta,Noman,Betta.Noman@icanschool.com,Communication,2018,Lyon
Molli,Krystle,Molli.Krystle@icanschool.com,Web,2020,Lyon
Flory,Eldrid,Flory.Eldrid@icanschool.com,GameDesign,2020,Lyon
Madalyn,Land,Madalyn.Land@icanschool.com,GameArt,2019,Lyon
Devina,Teryn,Devina.Teryn@icanschool.com,GameProgramming,2020,Lyon
Marsiella,Read,Marsiella.Read@icanschool.com,UX,2021,Lyon
Hermione,Rurik,Hermione.Rurik@icanschool.com,UX,2022,Lyon
Korrie,Haymes,Korrie.Haymes@icanschool.com,GameArt,2019,Lyon
Celestyna,Khorma,Celestyna.Khorma@icanschool.com,UX,2020,Lyon
Lorie,Mike,Lorie.Mike@icanschool.com,Web,2023,Lyon
Nariko,Ephrem,Nariko.Ephrem@icanschool.com,GameArt,2019,Lyon
Zsa Zsa,Tayib,Zsa Zsa.Tayib@icanschool.com,GameDesign,2022,Lyon
Gertrud,Chick,Gertrud.Chick@icanschool.com,GameProgramming,2019,Lyon
Oralee,Alcott,Oralee.Alcott@icanschool.com,BD,2022,Lyon
Kalina,Nickola,Kalina.Nickola@icanschool.com,GameDesign,2021,Lyon
Ivett,Alexandr,Ivett.Alexandr@icanschool.com,GameDesign,2020,Lyon
Teriann,Moseley,Teriann.Moseley@icanschool.com,Communication,2022,Lyon
Marita,Hashim,Marita.Hashim@icanschool.com,GameProgramming,2018,Lyon
Dorthy,Blake,Dorthy.Blake@icanschool.com,Communication,2023,Lyon
Jennica,Bonilla,Jennica.Bonilla@icanschool.com,GameArt,2018,Lyon
Kellen,Elo,Kellen.Elo@icanschool.com,GameArt,2022,Lyon
Susette,Bevin,Susette.Bevin@icanschool.com,UX,2020,Lyon
Suzette,McGrody,Suzette.McGrody@icanschool.com,GameArt,2022,Lyon
Yolane,Baptlsta,Yolane.Baptlsta@icanschool.com,Web,2018,Lyon
Lolita,Gillan,Lolita.Gillan@icanschool.com,GameProgramming,2022,Lyon
Jacenta,Fink,Jacenta.Fink@icanschool.com,Communication,2019,Lyon
Annora,Corrine,Annora.Corrine@icanschool.com,BD,2019,Lyon
Carmela,Kesley,Carmela.Kesley@icanschool.com,Web,2021,Lyon
Tilly,Serilda,Tilly.Serilda@icanschool.com,GameArt,2022,Lyon
Veda,Bartlett,Veda.Bartlett@icanschool.com,GameArt,2022,Lyon
Nyssa,Marsden,Nyssa.Marsden@icanschool.com,Web,2021,Lyon
Neila,Jefferey,Neila.Jefferey@icanschool.com,GameProgramming,2019,Lyon
Zsa Zsa,Judye,Zsa Zsa.Judye@icanschool.com,GameDesign,2023,Lyon
Cathyleen,Gordon,Cathyleen.Gordon@icanschool.com,UX,2020,Lyon
Eadie,Modie,Eadie.Modie@icanschool.com,GameDesign,2019,Lyon
Sandie,Pettiford,Sandie.Pettiford@icanschool.com,UX,2023,Lyon
Cassondra,Peti,Cassondra.Peti@icanschool.com,GameDesign,2020,Lyon
Merle,Ambrosia,Merle.Ambrosia@icanschool.com,GameProgramming,2019,Lyon
Regina,Malvino,Regina.Malvino@icanschool.com,GameDesign,2018,Lyon
Cathie,Cath,Cathie.Cath@icanschool.com,Web,2023,Lyon
Suzette,Hurley,Suzette.Hurley@icanschool.com,GameDesign,2021,Lyon
Bee,Pattin,Bee.Pattin@icanschool.com,GameProgramming,2019,Lyon
Raquela,Old,Raquela.Old@icanschool.com,Web,2020,Lyon
Tani,Terencio,Tani.Terencio@icanschool.com,GameArt,2018,Lyon
Marita,Pozzy,Marita.Pozzy@icanschool.com,GameProgramming,2019,Lyon
Mady,Serilda,Mady.Serilda@icanschool.com,GameProgramming,2021,Lyon
Mignon,Caitlin,Mignon.Caitlin@icanschool.com,Communication,2022,Lyon
Quintina,Delp,Quintina.Delp@icanschool.com,GameArt,2020,Lyon
Addia,Yam,Addia.Yam@icanschool.com,GameArt,2019,Lyon
Agnese,Mintz,Agnese.Mintz@icanschool.com,GameDesign,2021,Lyon
Neila,Neva,Neila.Neva@icanschool.com,Web,2022,Lyon
Glenda,Ietta,Glenda.Ietta@icanschool.com,GameDesign,2023,Lyon
Mathilda,Loeb,Mathilda.Loeb@icanschool.com,UX,2023,Lyon
Ira,Tiffa,Ira.Tiffa@icanschool.com,BD,2020,Lyon
Rosaline,Imelida,Rosaline.Imelida@icanschool.com,GameDesign,2019,Lyon
Pearline,Mike,Pearline.Mike@icanschool.com,GameDesign,2018,Lyon
Riannon,Schenck,Riannon.Schenck@icanschool.com,UX,2021,Lyon
Merry,Trinetta,Merry.Trinetta@icanschool.com,GameProgramming,2023,Lyon
Adelle,Cleo,Adelle.Cleo@icanschool.com,GameProgramming,2020,Lyon
Teriann,Lacombe,Teriann.Lacombe@icanschool.com,GameProgramming,2020,Lyon
Priscilla,Mehalek,Priscilla.Mehalek@icanschool.com,GameArt,2023,Lyon
Rochette,Ries,Rochette.Ries@icanschool.com,GameProgramming,2018,Lyon
Gwyneth,Peti,Gwyneth.Peti@icanschool.com,GameProgramming,2022,Lyon
Brandise,Adore,Brandise.Adore@icanschool.com,Communication,2023,Lyon
Eve,Creamer,Eve.Creamer@icanschool.com,UX,2021,Lyon
Asia,Teryn,Asia.Teryn@icanschool.com,GameArt,2019,Lyon
Mignon,Iiette,Mignon.Iiette@icanschool.com,Communication,2021,Lyon
Dede,Poll,Dede.Poll@icanschool.com,Web,2020,Lyon
Albertina,Killigrew,Albertina.Killigrew@icanschool.com,GameArt,2020,Lyon
Florie,Bahr,Florie.Bahr@icanschool.com,Web,2019,Lyon
Mallory,Syd,Mallory.Syd@icanschool.com,GameProgramming,2021,Lyon
Cherilyn,Dielu,Cherilyn.Dielu@icanschool.com,Communication,2022,Lyon
Atlanta,Felizio,Atlanta.Felizio@icanschool.com,Communication,2019,Lyon
Tabbatha,Elo,Tabbatha.Elo@icanschool.com,GameProgramming,2022,Lyon
Gilligan,Krystle,Gilligan.Krystle@icanschool.com,BD,2020,Lyon
Mignon,Kermit,Mignon.Kermit@icanschool.com,Communication,2023,Lyon
Flo,Mallon,Flo.Mallon@icanschool.com,GameArt,2019,Lyon
Leontine,Fairweather,Leontine.Fairweather@icanschool.com,GameProgramming,2018,Lyon
Edee,Fabiola,Edee.Fabiola@icanschool.com,GameDesign,2019,Lyon
Lesly,Ricarda,Lesly.Ricarda@icanschool.com,GameArt,2020,Lyon
Lindie,Dominy,Lindie.Dominy@icanschool.com,GameArt,2022,Lyon
Mignon,Levey,Mignon.Levey@icanschool.com,GameDesign,2021,Lyon
Winifred,Reinke,Winifred.Reinke@icanschool.com,GameDesign,2021,Lyon
Cissiee,Papageno,Cissiee.Papageno@icanschool.com,UX,2020,Lyon
Jean,Halla,Jean.Halla@icanschool.com,Communication,2021,Lyon
Nadine,Estella,Nadine.Estella@icanschool.com,GameDesign,2018,Lyon
Alyssa,Codding,Alyssa.Codding@icanschool.com,GameArt,2021,Lyon
Britte,Monk,Britte.Monk@icanschool.com,GameDesign,2019,Lyon
Tomasina,Ciro,Tomasina.Ciro@icanschool.com,GameProgramming,2023,Lyon
Krystle,Phaidra,Krystle.Phaidra@icanschool.com,BD,2019,Lyon
Natka,Neva,Natka.Neva@icanschool.com,Communication,2020,Lyon
Ardys,Ehrman,Ardys.Ehrman@icanschool.com,GameArt,2023,Lyon
Cyndie,Podvin,Cyndie.Podvin@icanschool.com,Communication,2018,Lyon
Deloria,Libna,Deloria.Libna@icanschool.com,GameProgramming,2018,Lyon
Cassondra,Gusella,Cassondra.Gusella@icanschool.com,Communication,2019,Lyon
Leeanne,Guthrie,Leeanne.Guthrie@icanschool.com,BD,2023,Lyon
Donnie,Knowling,Donnie.Knowling@icanschool.com,GameArt,2023,Lyon
Aigneis,Loleta,Aigneis.Loleta@icanschool.com,UX,2022,Lyon
Lita,Monk,Lita.Monk@icanschool.com,UX,2020,Lyon
Philis,Lumbard,Philis.Lumbard@icanschool.com,Web,2019,Lyon
Roz,Letsou,Roz.Letsou@icanschool.com,GameArt,2020,Lyon
Collen,Greyson,Collen.Greyson@icanschool.com,GameProgramming,2019,Lyon
Johna,Munn,Johna.Munn@icanschool.com,UX,2019,Lyon
Bettine,Margarete,Bettine.Margarete@icanschool.com,GameDesign,2020,Lyon
